version,entry,end_offset_exclusive,file_offset,file_end_exclusive,body_sha256,entry_confidence,boundary_confidence,classification,classification_status,instruction_count,semantic_status
1.10,1008:6486,0x64c2,0x14d26,0x14d62,182ef789e9d93f4de6d05ab02afe10505604c46d6058ece3834403d0ffc6fc4a,High,High,runtime-or-MFC-wrapper-candidate,Inferred,30,Unknown
1.10,1010:188A,0x1a22,0x1784a,0x179e2,347510b0d6e83506d94dff418dfd0607665cd510431cfc003a8467501ceb1a72,High,High,application-logic-candidate,Inferred,140,Unknown
1.10,1010:2BE6,0x2c02,0x18ba6,0x18bc2,399827fe0b83d155bb1625945413cc744def5bac709cafc2194d79f1610e5a1d,High,High,application-logic-candidate,Inferred,11,Unknown
1.10,1010:314A,0x31a9,0x1910a,0x19169,e1085f00aafbe610f4f5e0ba7e80cef589d9235c941112cc1588a028c7301647,High,High,application-logic-candidate,Inferred,35,Unknown
1.10,1010:3B16,0x3b7b,0x19ad6,0x19b3b,f92d3646f91975d640c9530bfe8edc7283eee580cf1512dbe5f1fcf3f73e4349,High,High,application-logic-candidate,Inferred,43,Unknown
1.10,1010:5B96,0x5cfb,0x1bb56,0x1bcbb,a0e646db1582fa0c7c4dbf1f0c3e9f571dc85d22417ae31703e020ae982f8169,High,High,application-logic-candidate,Inferred,119,Unknown
1.10,1010:A0C6,0xa0ed,0x20086,0x200ad,cd6e8693a9f7555d1de18ca9e98862d70fc27da50802b74892f8f9663a24a73b,High,High,application-logic-candidate,Inferred,16,Unknown
1.10,1010:AE56,0xb010,0x20e16,0x20fd0,1cac70cadbb9f4a7fb45b4f18598bfe07f9d7f7e5ae2ae9046b8c0103d53e0ae,High,High,application-logic-candidate,Inferred,145,Unknown
1.10,1010:D78C,0xd7c0,0x2374c,0x23780,15bf2d95cd644ce2e1204615ed7e03aaaae1ec7b2ea7e77e273035ab0c296310,High,High,application-logic-candidate,Inferred,12,Unknown
1.10,1010:D7C0,0xd7d0,0x23780,0x23790,d569fd2ee554db5200598c33e531f8da1228e216b908cb985246583f7c46a8a2,High,High,call-wrapper,Confirmed structural,4,Unknown
1.10,1010:D7D0,0xd8fb,0x23790,0x238bb,4629d072f738c3274e24120d2045d71f2b783891d38a59f43bdff996375e20c5,High,High,application-logic-candidate,Inferred,102,Unknown
1.10,1010:E0C4,0xe2fa,0x24084,0x242ba,e7f04c5104d364e0fe2ad849c23a4f110317451f1b0149e159988b68fc3b05b3,High,High,application-logic-candidate,Inferred,179,Unknown
1.10,1018:0000,0x48,0x25260,0x252a8,2cb32694360f15cf6284eaa742d832dcac7ecb94e5c1a911f4c8db8f2dcda903,High,High,application-logic-candidate,Inferred,34,Unknown
1.10,1018:0132,0x189,0x25392,0x253e9,b0cdb476c93c37b1379c1cc96dd35d54aed1eafb3e84b5aefb36196d8d05dc64,High,High,application-logic-candidate,Inferred,34,Unknown
1.10,1018:018A,0x26c,0x253ea,0x254cc,2d72a9a665f187e535d84dd8e832c5a7e4ddb41e956975007608d540cae85b82,High,High,application-logic-candidate,Inferred,79,Unknown
1.10,1018:026C,0x2f6,0x254cc,0x25556,486a1b2507a77cec40b60b1b4a9a4458d9469bb2bfe9ede11515d10e3b440c77,High,High,application-logic-candidate,Inferred,43,Unknown
1.10,1018:02F6,0x32a,0x25556,0x2558a,a94a159d4f764a4028bd554dfd4a04dda4804c50033ea1e2fe730499248cc369,High,High,application-logic-candidate,Inferred,19,Unknown
1.10,1018:2FC6,0x308d,0x28226,0x282ed,a6cf78e9550d577fc534c77c943563b9e89256f0e5cb5218fed43c2b5606aaad,High,High,application-logic-candidate,Inferred,71,Unknown
1.10,1018:308E,0x3118,0x282ee,0x28378,bc1ceee7331855da93ccee864a1891a2169fed3317bf115030472605c69a99be,High,High,application-logic-candidate,Inferred,46,Unknown
1.10,1018:3118,0x317d,0x28378,0x283dd,5e725f4cb21dc1032e88e4f956023c39d5a7cc393ae6a899dc99fcbad68b31bd,High,High,application-logic-candidate,Inferred,33,Unknown
1.10,1018:032A,0x374,0x2558a,0x255d4,4a1c8bb5dba170d802af0697b37e55ef747e15ca85c1b62743d173363826214f,High,High,application-logic-candidate,Inferred,33,Unknown
1.10,1018:3322,0x3363,0x28582,0x285c3,0e1ed16ae24b25d79849a7be72af849784eec582921cfd21b32c1102c3f5a1b1,High,High,application-logic-candidate,Inferred,24,Unknown
1.10,1018:3364,0x33b9,0x285c4,0x28619,12b2112f13b418b67c5ae5f99650f60dbb1b2b04934e2893f4a0bebf8d8cda86,High,High,application-logic-candidate,Inferred,30,Unknown
1.10,1018:0068,0x131,0x252c8,0x25391,9f2fdf701806cc9870a5d835b8ae288b8604d0ef704afaf18bfd9dca67409fe9,High,High,application-logic-candidate,Inferred,74,Unknown
1.3,1010:184A,0x19e2,0x177ea,0x17982,c729172c3f6e19112e107586a5baf7184c54411dffe582005d2b12fc20d6e2a4,High,High,application-logic-candidate,Inferred,140,Unknown
1.3,1010:2B94,0x2ba6,0x18b34,0x18b46,e97547dfc1b0603039e87efad5217a68f15e24a1d2bdc0ed0151e4477ceab977,High,High,call-wrapper,Confirmed structural,8,Unknown
1.3,1010:2BA6,0x2bc2,0x18b46,0x18b62,f34d05400b57d370c39c4066299368cf6ade1c218e4bab58753fc5cf58f395f8,High,High,application-logic-candidate,Inferred,11,Unknown
1.3,1010:9EA4,0x9ecb,0x1fe44,0x1fe6b,cd6e8693a9f7555d1de18ca9e98862d70fc27da50802b74892f8f9663a24a73b,High,High,application-logic-candidate,Inferred,16,Unknown
1.3,1010:D56A,0xd59e,0x2350a,0x2353e,bb5ec2bf5ebd346b97f6e03d1d4beca89e4c5ffe93da0e6e296615e61e25b8ef,High,High,application-logic-candidate,Inferred,12,Unknown
1.3,1010:D59E,0xd5ae,0x2353e,0x2354e,ee477a6582897e763054323ed6988cccd33dac41d0736734dee49257b298f8e3,High,High,call-wrapper,Confirmed structural,4,Unknown
1.3,1010:D5AE,0xd6d9,0x2354e,0x23679,9798bdd821030457df4789e4c443cb9f72e7b124030c59c3dbcc553e1b999b4d,High,High,application-logic-candidate,Inferred,102,Unknown
1.3,1010:EF52,0xef9c,0x24ef2,0x24f3c,fb54e3f7890debb5352365e9a92c4cfc6d304472300f11d7abf976513180c577,High,High,application-logic-candidate,Inferred,33,Unknown
1.3,1018:35A4,0x35b7,0x287c4,0x287d7,5e3de64337ed5c892b304b629943a4d29ebe93fef8579dbc50878896a14ef510,High,High,application-logic-candidate,Inferred,8,Unknown
1.6,1008:6486,0x64c2,0x14d06,0x14d42,182ef789e9d93f4de6d05ab02afe10505604c46d6058ece3834403d0ffc6fc4a,High,High,runtime-or-MFC-wrapper-candidate,Inferred,30,Unknown
1.6,1010:183E,0x19d6,0x177de,0x17976,c843c18dee94b6d44d455ba7843d4064980a73e1d8cb35cbb19b6668310afbde,High,High,application-logic-candidate,Inferred,140,Unknown
1.6,1010:2B9A,0x2bb6,0x18b3a,0x18b56,5a91c3d6e2a7901092c053b5cc9d84e54510e48170e4d3a6d5ee48a3f5a0a486,High,High,application-logic-candidate,Inferred,11,Unknown
1.6,1010:5AF2,0x5c57,0x1ba92,0x1bbf7,f2f09b5047be66697768bddc89d95525786c1e4be5cecd85235daf20f9a74ddd,High,High,application-logic-candidate,Inferred,119,Unknown
1.6,1010:A018,0xa03f,0x1ffb8,0x1ffdf,cd6e8693a9f7555d1de18ca9e98862d70fc27da50802b74892f8f9663a24a73b,High,High,application-logic-candidate,Inferred,16,Unknown
1.6,1010:ADA8,0xaf62,0x20d48,0x20f02,8561e7948edd5720fcc5939f13517814c62842cc7606010a64a3991898d01fe5,High,High,application-logic-candidate,Inferred,145,Unknown
1.6,1010:D6DE,0xd712,0x2367e,0x236b2,3fec4db90d689832683d8dfea7a06c78b4773f464a6c382c522eb7b0cc5ba7c6,High,High,application-logic-candidate,Inferred,12,Unknown
1.6,1010:D712,0xd722,0x236b2,0x236c2,f10412913d5c26157ca57a7466700e61f01ed4c1c5773ee405768bde3c043101,High,High,call-wrapper,Confirmed structural,4,Unknown
1.6,1010:D722,0xd84d,0x236c2,0x237ed,dc25e9c9c0fd625d5f120af51b4d0c6e0acfc5b871736322d58fdadfb3c5cb1f,High,High,application-logic-candidate,Inferred,102,Unknown
1.6,1010:E016,0xe1ee,0x23fb6,0x2418e,ecbc1817806c8959e34f5b3dda60764f9860e01877032720aa8e702b8f382231,High,High,application-logic-candidate,Inferred,149,Unknown
1.6,1018:0000,0x57,0x25260,0x252b7,ed346bb617009a1341b6143d3f445feef2a44df3c20885e66a4c055e7870e532,High,High,application-logic-candidate,Inferred,34,Unknown
1.6,1018:013A,0x1c4,0x2539a,0x25424,71a3149d421e5804ddda0b2b1c49efb908c85589a55b1273a144bf9d64f6cc02,High,High,application-logic-candidate,Inferred,43,Unknown
1.6,1018:01C4,0x1f8,0x25424,0x25458,2812808fa738c6fe4a5e8a86347e1f7b85d16f420714c162e64d4ea9cfd41fd5,High,High,application-logic-candidate,Inferred,19,Unknown
1.6,1018:01F8,0x242,0x25458,0x254a2,a382fa4b45511a4d2f6c689684c6dde123b0cb28a11bbc467860ead7d3713c60,High,High,application-logic-candidate,Inferred,33,Unknown
1.6,1018:2E92,0x2f69,0x280f2,0x281c9,e1404112de52136066b454d626f667ef431a77251ca343ba482ee073a0c2639c,High,High,application-logic-candidate,Inferred,76,Unknown
1.6,1018:3260,0x32a1,0x284c0,0x28501,731098eb81737f6ca82ca62f1ba46a4edf9a877a4e175731ebf399854ca8f7ad,High,High,application-logic-candidate,Inferred,24,Unknown
1.6,1018:32A2,0x32f7,0x28502,0x28557,352dba0fc3c6be6643eb5c1476850f90046de8048a0ee6acaa8db9e61a47da13,High,High,application-logic-candidate,Inferred,30,Unknown
1.6,1018:0058,0x13a,0x252b8,0x2539a,3e6abe85accfbe17c28365a1828ec2a42a0a9aae63d039722bb3a82632cc4bab,High,High,application-logic-candidate,Inferred,79,Unknown
1.8,1008:6486,0x64c2,0x14d06,0x14d42,182ef789e9d93f4de6d05ab02afe10505604c46d6058ece3834403d0ffc6fc4a,High,High,runtime-or-MFC-wrapper-candidate,Inferred,30,Unknown
1.8,1010:183E,0x19d6,0x177de,0x17976,acd91a20f97daeaf9ecb4097730e5c0d2b69ce1bdba3bca02881a26eebb02209,High,High,application-logic-candidate,Inferred,140,Unknown
1.8,1010:2B9A,0x2bb6,0x18b3a,0x18b56,be17aaf303d9b486d4eebd8f7bff995a57ccad793f09597fb0a2ada01f3c3f4d,High,High,application-logic-candidate,Inferred,11,Unknown
1.8,1010:5AF2,0x5c57,0x1ba92,0x1bbf7,ef2a471aa5061fd51275bfe354f41c3f4d4a0fd67068bf2d2065326b5e2b1736,High,High,application-logic-candidate,Inferred,119,Unknown
1.8,1010:A018,0xa03f,0x1ffb8,0x1ffdf,cd6e8693a9f7555d1de18ca9e98862d70fc27da50802b74892f8f9663a24a73b,High,High,application-logic-candidate,Inferred,16,Unknown
1.8,1010:ADA8,0xaf62,0x20d48,0x20f02,549a05c5aa59cf03144f266c0d9cd53526d02b9b8763f3ae3bb8d2e3dd5922c8,High,High,application-logic-candidate,Inferred,145,Unknown
1.8,1010:D6DE,0xd712,0x2367e,0x236b2,5ff7d286e2e571211cdb03068f2e14283871e20ce02cb4a815a18e42d53f4889,High,High,application-logic-candidate,Inferred,12,Unknown
1.8,1010:D712,0xd722,0x236b2,0x236c2,f10412913d5c26157ca57a7466700e61f01ed4c1c5773ee405768bde3c043101,High,High,call-wrapper,Confirmed structural,4,Unknown
1.8,1010:D722,0xd84d,0x236c2,0x237ed,20132af15a8c49ec7219a69002b1f43a8c173d7b591e9a85fdce125c4ae73df2,High,High,application-logic-candidate,Inferred,102,Unknown
1.8,1010:E016,0xe24c,0x23fb6,0x241ec,bb1528958a977c5f8c545591ed716e4a6767c1ef58255d846cf978895aabcb2c,High,High,application-logic-candidate,Inferred,179,Unknown
1.8,1018:0000,0xc9,0x25200,0x252c9,f04323c0c09098afe7c3337e29d0db2cfd5df5140d82143a3a59d9f00ee7339d,High,High,application-logic-candidate,Inferred,74,Unknown
1.8,1018:0122,0x204,0x25322,0x25404,8e08e15a4c05489135cb2c32e11d2725a7f42ea2f1b8da933efd95ff76ec1beb,High,High,application-logic-candidate,Inferred,79,Unknown
1.8,1018:0204,0x28e,0x25404,0x2548e,263bef6772e29051d8b14f333e687e3be6a35ea5cc1c76387b5de2974028004c,High,High,application-logic-candidate,Inferred,43,Unknown
1.8,1018:028E,0x2c2,0x2548e,0x254c2,c5fcd5f9c883f8b5b24d09d1737369ac25e8f03c39b4eeafd2d044efe359fc86,High,High,application-logic-candidate,Inferred,19,Unknown
1.8,1018:02C2,0x30c,0x254c2,0x2550c,1790516b4324f3a5d6cc47202a8d5ae777509acae9846bcc1f24aa0531587f55,High,High,application-logic-candidate,Inferred,33,Unknown
1.8,1018:2F5C,0x3033,0x2815c,0x28233,756e3b1a6ab4ae33ae97696f617044ba7f12e5c8ff5ec35ba227e7dee4bbe1a5,High,High,application-logic-candidate,Inferred,76,Unknown
1.8,1018:332A,0x336b,0x2852a,0x2856b,a0bfe34e9bb3b6098587a3fb3ebd071fab6814461e69743cb23ac7c9f18a69a8,High,High,application-logic-candidate,Inferred,24,Unknown
1.8,1018:336C,0x33c1,0x2856c,0x285c1,51bc3691b4c021a61d4dfe5a3b84c96123f45cc5cfddaee6e208106c12a79568,High,High,application-logic-candidate,Inferred,30,Unknown
1.8,1018:00CA,0x121,0x252ca,0x25321,11bbc98f5541a2f7dffb22e42540468665d296179fafa7769b917c2c2915e574,High,High,application-logic-candidate,Inferred,34,Unknown
