version,address,status,confidence,errors,boundary_notes
1.10,1008:6486,promoted,High,,
1.10,1010:188A,promoted,High,,
1.10,1010:2BE6,promoted,High,,
1.10,1010:314A,promoted,High,,
1.10,1010:3B16,promoted,High,,
1.10,1010:5B96,promoted,High,,
1.10,1010:A0C6,promoted,High,,
1.10,1010:AE56,promoted,High,,
1.10,1010:D78C,promoted,High,,
1.10,1010:D7C0,promoted,High,,
1.10,1010:D7D0,promoted,High,,FUN_1010_d7cc starts inside another verified High routine instruction operand; mapped interval is not an independent entry proof
1.10,1010:E0C4,promoted,High,,
1.10,1018:0000,promoted,High,,
1.10,1018:0132,promoted,High,,
1.10,1018:018A,promoted,High,,
1.10,1018:026C,promoted,High,,
1.10,1018:02F6,promoted,High,,
1.10,1018:2FC6,promoted,High,,
1.10,1018:308E,promoted,High,,
1.10,1018:3118,promoted,High,,
1.10,1018:032A,promoted,High,,
1.10,1018:3322,promoted,High,,
1.10,1018:3364,promoted,High,,
1.10,1018:0068,promoted,High,,
1.3,1010:184A,promoted,High,,
1.3,1010:2B94,promoted,High,,
1.3,1010:2BA6,promoted,High,,
1.3,1010:9EA4,promoted,High,,
1.3,1010:D56A,promoted,High,,
1.3,1010:D59E,promoted,High,,
1.3,1010:D5AE,promoted,High,,
1.3,1010:EF52,promoted,High,,
1.3,1018:35A4,promoted,High,,
1.6,1008:6486,promoted,High,,
1.6,1010:183E,promoted,High,,
1.6,1010:2B9A,promoted,High,,
1.6,1010:5AF2,promoted,High,,
1.6,1010:A018,promoted,High,,
1.6,1010:ADA8,promoted,High,,
1.6,1010:D6DE,promoted,High,,
1.6,1010:D712,promoted,High,,
1.6,1010:D722,promoted,High,,
1.6,1010:E016,promoted,High,,
1.6,1018:0000,promoted,High,,
1.6,1018:013A,promoted,High,,
1.6,1018:01C4,promoted,High,,
1.6,1018:01F8,promoted,High,,
1.6,1018:2E92,promoted,High,,
1.6,1018:3260,promoted,High,,
1.6,1018:32A2,promoted,High,,
1.6,1018:0058,promoted,High,,
1.8,1008:6486,promoted,High,,
1.8,1010:183E,promoted,High,,
1.8,1010:2B9A,promoted,High,,
1.8,1010:5AF2,promoted,High,,
1.8,1010:A018,promoted,High,,
1.8,1010:ADA8,promoted,High,,
1.8,1010:D6DE,promoted,High,,
1.8,1010:D712,promoted,High,,
1.8,1010:D722,promoted,High,,
1.8,1010:E016,promoted,High,,
1.8,1018:0000,promoted,High,,
1.8,1018:0122,promoted,High,,
1.8,1018:0204,promoted,High,,
1.8,1018:028E,promoted,High,,
1.8,1018:02C2,promoted,High,,
1.8,1018:2F5C,promoted,High,,
1.8,1018:332A,promoted,High,,
1.8,1018:336C,promoted,High,,
1.8,1018:00CA,promoted,High,,
