structural_family,identity_scope,win16_1.0,win16_1.3,win16_1.6,win16_1.8,win16_1.10,promoted_members,multiple_entries_same_build
WIN16-HIGH-V6-001,binary structural relation only; source semantics unproved,1008:6486,1008:6486,1008:6486,1008:6486,1008:6486,3,False
WIN16-HIGH-V6-002,binary structural relation only; source semantics unproved,1010:2B86,1010:2B94,1010:2B88,1010:2B88,1010:2BD4,1,False
WIN16-HIGH-V6-003,binary structural relation only; source semantics unproved,1010:30D0,1010:30C8,1010:30D6,1010:30D6,1010:314A,1,False
WIN16-HIGH-V6-004,binary structural relation only; source semantics unproved,1010:D55E,1010:D56A,1010:D6DE,1010:D6DE,1010:D78C,4,False
WIN16-HIGH-V6-005,binary structural relation only; source semantics unproved,1010:D592,1010:D59E,1010:D712,1010:D712,1010:D7C0,4,False
WIN16-HIGH-V6-006,binary structural relation only; source semantics unproved,1010:ED0E,1010:ED5A,1018:0000,1018:00CA,1018:0132,3,False
WIN16-HIGH-V6-007,binary structural relation only; source semantics unproved,1010:EE48,1010:EE94,1018:013A,1018:0204,1018:026C,3,False
WIN16-HIGH-V6-008,binary structural relation only; source semantics unproved,1010:EED2,1010:EF1E,1018:01C4,1018:028E,1018:02F6,3,False
WIN16-HIGH-V6-009,binary structural relation only; source semantics unproved,1010:EF06,1010:EF52,1018:01F8,1018:02C2,1018:032A,4,False
WIN16-HIGH-V6-010,binary structural relation only; source semantics unproved,1018:2F4C,1018:2FF0,1018:3260,1018:332A,1018:3322,3,False
WIN16-HIGH-V6-011,binary structural relation only; source semantics unproved,,1010:184A,1010:183E,1010:183E,1010:188A,4,False
WIN16-HIGH-V6-012,binary structural relation only; source semantics unproved,,1010:2BA6,1010:2B9A,1010:2B9A,1010:2BE6,4,False
WIN16-HIGH-V6-013,binary structural relation only; source semantics unproved,,,,,1010:3B16,1,False
WIN16-HIGH-V6-014,binary structural relation only; source semantics unproved,,,1010:5AF2,1010:5AF2,1010:5B96,3,False
WIN16-HIGH-V6-015,binary structural relation only; source semantics unproved,,1010:9EA4,1010:A018,1010:A018,1010:A0C6,4,False
WIN16-HIGH-V6-016,binary structural relation only; source semantics unproved,,,,,1010:AE56,1,False
WIN16-HIGH-V6-017,binary structural relation only; source semantics unproved,,1010:D5AE,1010:D722,1010:D722,1010:D7D0,4,False
WIN16-HIGH-V6-018,binary structural relation only; source semantics unproved,,,,1010:E016,1010:E0C4,2,False
WIN16-HIGH-V6-019,binary structural relation only; source semantics unproved,,,,,1018:0000,1,False
WIN16-HIGH-V6-020,binary structural relation only; source semantics unproved,,,,,1018:0068,1,False
WIN16-HIGH-V6-021,binary structural relation only; source semantics unproved,,,,,1018:018A,1,False
WIN16-HIGH-V6-022,binary structural relation only; source semantics unproved,,,,,1018:2FC6,1,False
WIN16-HIGH-V6-023,binary structural relation only; source semantics unproved,,,,,1018:308E,1,False
WIN16-HIGH-V6-024,binary structural relation only; source semantics unproved,,,,,1018:3118,1,False
WIN16-HIGH-V6-025,binary structural relation only; source semantics unproved,,,,,1018:3364,1,False
WIN16-HIGH-V6-026,binary structural relation only; source semantics unproved,,1018:35A4,1018:386A,1018:3934,1018:392C,1,False
WIN16-HIGH-V6-027,binary structural relation only; source semantics unproved,,,1010:ADA8,,,1,False
WIN16-HIGH-V6-028,binary structural relation only; source semantics unproved,,,1010:E016,,,1,False
WIN16-HIGH-V6-029,binary structural relation only; source semantics unproved,,,1018:0058,,,1,False
WIN16-HIGH-V6-030,binary structural relation only; source semantics unproved,,,1018:2E92,1018:2F5C,,2,False
WIN16-HIGH-V6-031,binary structural relation only; source semantics unproved,,,1018:32A2,1018:336C,,2,False
WIN16-HIGH-V6-032,binary structural relation only; source semantics unproved,,,,1010:ADA8,,1,False
WIN16-HIGH-V6-033,binary structural relation only; source semantics unproved,,,,1018:0000,,1,False
WIN16-HIGH-V6-034,binary structural relation only; source semantics unproved,,,,1018:0122,,1,False
