platform,version,coverage_kind,function_records,usable_bodies,unresolved_or_failed,parameter_source,notes
DOS,1.0,full C decompiler export,507,503,4,own decompiler,existing unified dossier
DOS,1.1,full C decompiler export,513,508,5,own decompiler,existing unified dossier
DOS,1.5,full C decompiler export,517,513,4,own decompiler,existing unified dossier
DOS,1.7,machine-level reconstructed index,600,600,0,stack inference + hard closure/source relations,600 instruction-boundary dossiers
DOS,1.8,byte-identical alias of supplied DOS 1.9 binary,537,533,4,inherited from byte-identical 1.9 supplied binary,do not double-count as distinct machine code
DOS,1.9,full C decompiler export,537,533,4,own decompiler,existing unified dossier
DOS,2.0,machine-level reconstructed index,600,600,0,stack inference + hard closure/source relations,600 instruction-boundary dossiers
Win16,1.0,full C decompiler export,960,960,0,own decompiler,baseline Win16 source relation
Win16,1.3,machine-level mapped from 1.0,959,957,2,1.0 contract transferred by binary mapping,957 valid machine dossiers
Win16,1.6,machine-level mapped from 1.0,959,952,7,1.0 contract transferred by binary mapping,tail-region changes explicit
Win16,1.8,machine-level mapped from 1.0,959,952,7,1.0 contract transferred by binary mapping,tail-region changes explicit
Win16,1.10,machine-level mapped from 1.0,959,948,11,1.0 contract transferred by binary mapping,tail-region changes explicit
