filename,platform,version_label,size,format,sha256,md5,new_header_offset,byte_identical_group_size,byte_identical_aliases,direct_c_export_available,body_coverage_note
N3D-10-2.exe,DOS,1.0,115152,DOS MZ,7035d185d27a4629664e9a300b77870577195205bbabcd17bbaf74a9ecf4cd04,59711e5d16676d92b8de85ad089e25e4,0,3,N3D-10-2.exe | N3D-10.exe | N3D-E-10(4).EXE,True,direct C export available
N3D-10.exe,DOS,1.0,115152,DOS MZ,7035d185d27a4629664e9a300b77870577195205bbabcd17bbaf74a9ecf4cd04,59711e5d16676d92b8de85ad089e25e4,0,3,N3D-10-2.exe | N3D-10.exe | N3D-E-10(4).EXE,True,direct C export available
N3D-11.exe,DOS,1.1,115768,DOS MZ,21659bde829e5ed9917a775bc438cf205ba1ed7b0309e3681eb7fd945adf2bec,a6b6e71e2f3928e8dde645146c5ba32b,0,1,N3D-11.exe,True,direct C export available
N3D-15.exe,DOS,1.5,115904,DOS MZ,244e2e9a4abb4455d271562f01d25c38a5f5e1623e9cce653bf314a76bcc5eef,8146598bae0b671885b1600c4687ccd6,0,1,N3D-15.exe,True,direct C export available
N3D-17.exe,DOS,1.7,116068,DOS MZ,6abf5745d1b2862267be16395d6fd37b46c41fc3ad4248973883f5e1db8efcc2,69103933b6b4d51f8b7cfccd29f1799c,0,2,N3D-17.exe | N3D-E-17(3).EXE,False,binary only in current dataset
N3D-19.exe,DOS,1.9,116556,DOS MZ,1cbb55c193b75424ee6b287f3a902a0a3c243a392d034086d040b07c99994be8,05406df359ad99dfbaf2e7a0ab0ea107,0,2,N3D-19.exe | N3D-E-18(4).EXE,True,direct C export available
N3D-E-10(4).EXE,DOS,1.0,115152,DOS MZ,7035d185d27a4629664e9a300b77870577195205bbabcd17bbaf74a9ecf4cd04,59711e5d16676d92b8de85ad089e25e4,0,3,N3D-10-2.exe | N3D-10.exe | N3D-E-10(4).EXE,True,direct C export available
N3D-E-17(3).EXE,DOS,1.7,116068,DOS MZ,6abf5745d1b2862267be16395d6fd37b46c41fc3ad4248973883f5e1db8efcc2,69103933b6b4d51f8b7cfccd29f1799c,0,2,N3D-17.exe | N3D-E-17(3).EXE,False,binary only in current dataset
N3D-E-18(4).EXE,DOS,1.8,116556,DOS MZ,1cbb55c193b75424ee6b287f3a902a0a3c243a392d034086d040b07c99994be8,05406df359ad99dfbaf2e7a0ab0ea107,0,2,N3D-19.exe | N3D-E-18(4).EXE,False,byte-identical to supplied build with direct C export: DOS 1.9
N3D-E-20(3).EXE,DOS,2.0,116606,DOS MZ,552d250ef773014a7f56ecdd7939559005fa990ebc7a6e435e6a7a49d372f301,fd4a16f60f3e262c224b5e8f775d1e0c,0,1,N3D-E-20(3).EXE,False,binary only in current dataset
NITE3W - 13.EXE,Win16,1.3,229136,Win16 NE,926c0001944b9822cdae10b35c92c2d6cd3772bc774c4c88fb17df7465d1f156,673ac6f2203d5ba99ece3397621c204a,128,1,NITE3W - 13.EXE,False,binary only in current dataset
NITE3W - 16.EXE,Win16,1.6,230128,Win16 NE,5851849bacd8b03e93444d8a8f34d51c23fecddc73d6b8df7f016885c3b9d418,b9ae439c8e153fd161222a6fca75a934,128,1,NITE3W - 16.EXE,False,binary only in current dataset
NITE3W - 18.EXE,Win16,1.8,230224,Win16 NE,144e96bb649c5463d440c343ad982ed8e5f143e788c9af08bbb890fcd1b3db22,81b1b119c4034afaf1c6772c27952db1,128,1,NITE3W - 18.EXE,False,binary only in current dataset
NITE3W -10.EXE,Win16,1.0,229008,Win16 NE,6476e259a3a763e2985f22ea6655929e5b313f63ca4bcb976f98b6d50b72140c,558b62a86db2ba0caf8ea9ef91215f93,128,1,NITE3W -10.EXE,True,direct C export available
nite3w - 110.exe,Win16,1.10,230400,Win16 NE,12fe5168783446275802e0e947898261b5eca6b88288f3a895fc1faa4c544481,5b3685d16e9366d66994fe6378313c92,128,1,nite3w - 110.exe,False,binary only in current dataset
